PRODUCT_ID,PRODUCT_NAME,UNIT_PRICE
P101,Echo Dot スマートスピーカー,5980
P102,Nature Remo IoT温度センサー,3980
P103,SwitchBot スマートロック Pro,12800
P104,iRobot ルンバ i5 ロボット掃除機,49800
P105,Philips Hue スマート照明スターターキット,9800
P106,SwitchBot カーテン自動開閉,7980
P107,Ring ビデオドアベル,18800
P108,TP-Link スマートプラグ 2個セット,3200
P109,タニタ 体組成計 インナースキャンデュアル,9800
P110,フィリップス ソニッケアー 電動歯ブラシ,8980
P111,ヤーマン 美顔器 フォトプラス,39800
P112,ドクターエア マッサージガン,14800
P113,パナソニック ヘアドライヤー ナノケア,28000
P114,オムロン 血圧計 上腕式,7980
P115,パナソニック 目もとエステ,15800
P116,ブラウン メンズシェーバー シリーズ9,24800
P117,ザバス ホエイプロテイン ココア味 1kg,3980
P118,ネイチャーメイド マルチビタミン 100粒,1580
P119,ヤクルト 青汁のめぐり 30袋,1980
P120,日食 プレミアムピュアオートミール 300g,498
P121,明治 アミノコラーゲン 200g,2480
P122,DHC ビタミンC 60日分,580
P123,大塚製薬 ネイチャーメイド 鉄分,980
P124,味の素 アミノバイタル プロ 30本,3680
P125,森永 おいしいコラーゲンドリンク 12本,2980
P126,ファンケル カロリミット 30日分,1680
P127,パナソニック フードプロセッサー,8980
P128,ティファール 電気ケトル 1.2L,4980
P129,象印 ホットプレート やきやき,12800
P130,デロンギ コーヒーメーカー マグニフィカS,59800
P131,シャープ ヘルシオ ホットクック,42800
P132,ブルーノ コンパクトホットプレート,9680
P133,アイリスオーヤマ 電気圧力鍋,13800
P134,バーミックス ハンドブレンダー,24800
P135,アシックス ランニングシューズ GEL-KAYANO,15800
P136,Manduka ヨガマット PRO 6mm,14800
P137,コールマン ツーリングドームテント,22800
P138,パールイズミ サイクリンググローブ,3980
P139,カリマー 登山リュック 30L,18800
P140,アディダス スポーツウェア 上下セット,8980
P141,モンベル トレッキングポール,6980
P142,ザノースフェイス レインジャケット,19800
P143,ダイワ 釣り竿 スピニングロッド,12800
P144,コールマン 寝袋 マルチレイヤースリーピングバッグ,8800
P145,ロイヤルカナン ドッグフード 3kg,4280
P146,花王 ニャンとも清潔トイレセット,3980
P147,ユリウス K9 犬用ハーネス,7980
P148,ペティオ ペットベッド あったかドーム,3480
P149,チャオ ちゅ〜る バラエティ 50本,1980
P150,アイリスオーヤマ ペット用自動給水器,2980
P151,ドギーマン おさんぽリード,1480
P152,GEX ハムスターケージ,4980
P153,コンビ ベビーカー スゴカルα,39800
P154,パンパース おむつ テープ 新生児 114枚,2180
P155,くもん 知育玩具 くみくみスロープ,4280
P156,コンビ チャイルドシート クルムーヴ,38800
P157,ピジョン 哺乳びん 母乳実感,1980
P158,アンパンマン おしゃべりいっぱいことばずかん,7980
P159,エルゴベビー 抱っこひも オムニ360,28800
P160,西松屋 ベビーバスチェア,2480
P161,松坂牛 サーロインステーキ 200g,8800
P162,北海道 夕張メロン 1玉,5800
P163,有機野菜セット 10品目,3280
P164,銀座千疋屋 クリスマスケーキ,5400
P165,博多久松 おせち料理セット 三段重,15800
P166,築地直送 本マグロ 中トロ 300g,6800
P167,新潟県魚沼産コシヒカリ 5kg,3980
P168,宮崎県産 完熟マンゴー 2個,7800
P169,北海道十勝 ラクレットチーズ 300g,2480
P170,京都宇治 抹茶スイーツ詰め合わせ,3200
P171,鹿児島黒豚 しゃぶしゃぶ用 500g,4800
P172,三陸産 生ウニ 100g,5980
P173,サムソナイト スーツケース 68L,25800
P174,無印良品風 トラベルポーチ 3点セット,2480
P175,テンピュール ネックピロー,5980
P176,地球の歩き方 旅行ガイドブック,1980
P177,ゼロハリバートン アタッシュケース,19800
P178,折りたたみ トラベルバックパック,3980
P179,マーナ シュパット エコバッグ L,1980
P180,竹歯ブラシ 4本セット,980
P181,ステンレスストロー 8本セット,1280
P182,再生紙ノート A5 5冊パック,680
P183,みつろうラップ 3枚セット,2480
P184,エコ洗剤 ハッピーエレファント 詰替用,598
P185,ソーラーチャージャー 折りたたみ式,5980
P186,オーガニックコットン タオルセット,3480
P187,季節のフルーツ定期便 月1回,4980
P188,厳選コーヒー豆 定期便 200g×2,3280
P189,日本酒 頒布会 720ml×2本,5800
P190,本の定期便 月2冊,2980
P191,全国銘菓 おやつ定期便,2480
P192,ワイン頒布会 赤白2本セット,6800
P193,マキタ 充電式電動ドライバー,9800
P194,アイリスオーヤマ ガーデニングツール 10点セット,3980
P195,パキラ 観葉植物 8号鉢,4980
P196,TONE 工具セット 56点,14800
P197,高儀 電動丸ノコ,8980
P198,プランター 菜園キット 土・種付き,2480
P199,BOSCH レーザー距離計,7980
P200,花ごころ 培養土 25L & 肥料セット,1480
